firstName,lastName,cpasscode,password,email,address,zipcode,city,phone,cjoined
James,Butt,24462,JButt,jbutt@gmail.com,6649 N Blue Gum St,70116,New Orleans,504-621-8927,2020-01-22
Josephine,Darakjy,24476,JDarakjy,josephine_darakjy@darakjy.org,4 B Blue Ridge Blvd,48116,Brighton,810-292-9388,2017-03-10
Art,Venere,24490,AVenere,art@venere.org,8 W Cerritos Ave #54,8014,Bridgeport,856-636-8749,2017-04-22
Lenna,Paprocki,24504,LPaprocki,lpaprocki@hotmail.com,639 Main St,99501,Anchorage,907-385-4412,2017-06-23
Donette,Foller,24518,DFoller,donette.foller@cox.net,34 Center St,45011,Hamilton,513-570-1893,2018-03-29
Simona,Morasca,24532,SMorasca,simona@morasca.com,3 Mcauley Dr,44805,Ashland,419-503-2484,2017-10-21
Mitsue,Tollner,24546,MTollner,mitsue_tollner@yahoo.com,7 Eads St,60632,Chicago,773-573-6914,2017-03-16
Leota,Dilliard,24560,LDilliard,leota@hotmail.com,7 W Jackson Blvd,95111,San Jose,408-752-3500,2019-06-24
Sage,Wieser,24574,SWieser,sage_wieser@cox.net,5 Boston Ave #88,57105,Sioux Falls,605-414-2147,2017-05-30
Kris,Marrier,24588,KMarrier,kris@gmail.com,228 Runamuck Pl #2808,21224,Baltimore,410-655-8723,2019-03-29
Minna,Amigon,24602,MAmigon,minna_amigon@yahoo.com,2371 Jerrold Ave,19443,Kulpsville,215-874-1229,2017-07-25
Abel,Maclead,24616,AMaclead,amaclead@gmail.com,37275 St  Rt 17m M,11953,Middle Island,631-335-3414,2016-11-18
Kiley,Caldarera,24630,KCaldarera,kiley.caldarera@aol.com,25 E 75th St #69,90034,Los Angeles,310-498-5651,2017-02-07
Graciela,Ruta,24644,GRuta,gruta@cox.net,98 Connecticut Ave Nw,44023,Chagrin Falls,440-780-8425,2017-10-21
Cammy,Albares,24658,CAlbares,calbares@gmail.com,56 E Morehead St,78045,Laredo,956-537-6195,2019-06-14
Mattie,Poquette,24672,MPoquette,mattie@aol.com,73 State Road 434 E,85013,Phoenix,602-277-4385,2019-10-06
Meaghan,Garufi,24686,MGarufi,meaghan@hotmail.com,69734 E Carrillo St,37110,Mc Minnville,931-313-9635,2019-08-20
Gladys,Rim,24700,GRim,gladys.rim@rim.org,322 New Horizon Blvd,53207,Milwaukee,414-661-9598,2020-09-15
Yuki,Whobrey,24714,YWhobrey,yuki_whobrey@aol.com,1 State Route 27,48180,Taylor,313-288-7937,2020-05-20
Fletcher,Flosi,24728,FFlosi,fletcher.flosi@yahoo.com,394 Manchester Blvd,61109,Rockford,815-828-2147,2019-05-15
Bette,Nicka,24742,BNicka,bette_nicka@cox.net,6 S 33rd St,19014,Aston,610-545-3615,2017-07-20
Veronika,Inouye,24756,VInouye,vinouye@aol.com,6 Greenleaf Ave,95111,San Jose,408-540-1785,2017-06-18
Willard,Kolmetz,24770,WKolmetz,willard@hotmail.com,618 W Yakima Ave,75062,Irving,972-303-9197,2020-07-08
Maryann,Royster,24784,MRoyster,mroyster@royster.com,74 S Westgate St,12204,Albany,518-966-7987,2019-12-19
Alisha,Slusarski,24798,ASlusarski,alisha@slusarski.com,3273 State St,8846,Middlesex,732-658-3154,2017-02-17
Allene,Iturbide,24812,AIturbide,allene_iturbide@cox.net,1 Central Ave,54481,Stevens Point,715-662-6764,2020-02-24
Chanel,Caudy,24826,CCaudy,chanel.caudy@caudy.org,86 Nw 66th St #8673,66218,Shawnee,913-388-2079,2018-02-22
Ezekiel,Chui,24840,EChui,ezekiel@chui.com,2 Cedar Ave #84,21601,Easton,410-669-1642,2017-08-18
Willow,Kusko,24854,WKusko,wkusko@yahoo.com,90991 Thorburn Ave,10011,New York,212-582-4976,2019-03-21
Bernardo,Figeroa,24868,BFigeroa,bfigeroa@aol.com,386 9th Ave N,77301,Conroe,936-336-3951,2019-09-03
Ammie,Corrio,24882,ACorrio,ammie@corrio.com,74874 Atlantic Ave,43215,Columbus,614-801-9788,2016-12-14
Francine,Vocelka,24896,FVocelka,francine_vocelka@vocelka.com,366 South Dr,88011,Las Cruces,505-977-3911,2018-08-18
Ernie,Stenseth,24910,EStenseth,ernie_stenseth@aol.com,45 E Liberty St,7660,Ridgefield Park,201-709-6245,2019-07-30
Albina,Glick,24924,AGlick,albina@glick.com,4 Ralph Ct,8812,Dunellen,732-924-7882,2017-12-25
Alishia,Sergi,24938,ASergi,asergi@gmail.com,2742 Distribution Way,10025,New York,212-860-1579,2020-03-06
Solange,Shinko,24952,SShinko,solange@shinko.com,426 Wolf St,70002,Metairie,504-979-9175,2018-03-18
Jose,Stockham,24966,JStockham,jose@yahoo.com,128 Bransten Rd,10011,New York,212-675-8570,2019-09-12
Rozella,Ostrosky,24980,ROstrosky,rozella.ostrosky@ostrosky.com,17 Morena Blvd,93012,Camarillo,805-832-6163,2019-08-09
Valentine,Gillian,24994,VGillian,valentine_gillian@gmail.com,775 W 17th St,78204,San Antonio,210-812-9597,2017-09-15
Kati,Rulapaugh,25008,KRulapaugh,kati.rulapaugh@hotmail.com,6980 Dorsett Rd,67410,Abilene,785-463-7829,2018-05-06
Youlanda,Schemmer,25022,YSchemmer,youlanda@aol.com,2881 Lewis Rd,97754,Prineville,541-548-8197,2018-03-27
Dyan,Oldroyd,25036,DOldroyd,doldroyd@aol.com,7219 Woodfield Rd,66204,Overland Park,913-413-4604,2020-02-10
Roxane,Campain,25050,RCampain,roxane@hotmail.com,1048 Main St,99708,Fairbanks,907-231-4722,2016-11-03
Lavera,Perin,25064,LPerin,lperin@perin.org,678 3rd Ave,33196,Miami,305-606-7291,2017-04-03
Erick,Ferencz,25078,EFerencz,erick.ferencz@aol.com,20 S Babcock St,99712,Fairbanks,907-741-1044,2018-05-14
Fatima,Saylors,25092,FSaylors,fsaylors@saylors.org,2 Lighthouse Ave,55343,Hopkins,952-768-2416,2018-03-26
Jina,Briddick,25106,JBriddick,jina_briddick@briddick.com,38938 Park Blvd,2128,Boston,617-399-5124,2018-08-18
Kanisha,Waycott,25120,KWaycott,kanisha_waycott@yahoo.com,5 Tomahawk Dr,90006,Los Angeles,323-453-2780,2020-03-26
Emerson,Bowley,25134,EBowley,emerson.bowley@bowley.org,762 S Main St,53711,Madison,608-336-7444,2018-09-29
Blair,Malet,25148,BMalet,bmalet@yahoo.com,209 Decker Dr,19132,Philadelphia,215-907-9111,2018-03-24
Brock,Bolognia,25162,BBolognia,bbolognia@yahoo.com,4486 W O St #1,10003,New York,212-402-9216,2018-01-23
Lorrie,Nestle,25176,LNestle,lnestle@hotmail.com,39 S 7th St,37388,Tullahoma,931-875-6644,2017-06-23
Sabra,Uyetake,25190,SUyetake,sabra@uyetake.org,98839 Hawthorne Blvd #6101,29201,Columbia,803-925-5213,2017-06-14
Marjory,Mastella,25204,MMastella,mmastella@mastella.com,71 San Mateo Ave,19087,Wayne,610-814-5533,2017-08-10
Karl,Klonowski,25218,KKlonowski,karl_klonowski@yahoo.com,76 Brooks St #9,8822,Flemington,908-877-6135,2020-02-24
Tonette,Wenner,25232,TWenner,twenner@aol.com,4545 Courthouse Rd,11590,Westbury,516-968-6051,2018-05-24
Amber,Monarrez,25246,AMonarrez,amber_monarrez@monarrez.org,14288 Foster Ave #4121,19046,Jenkintown,215-934-8655,2019-02-06
Shenika,Seewald,25260,SSeewald,shenika@gmail.com,4 Otis St,91405,Van Nuys,818-423-4007,2018-06-28
Delmy,Ahle,25274,DAhle,delmy.ahle@hotmail.com,65895 S 16th St,2909,Providence,401-458-2547,2016-11-23
Deeanna,Juhas,25288,DJuhas,deeanna_juhas@gmail.com,14302 Pennsylvania Ave,19006,Huntingdon Valley,215-211-9589,2019-07-15
Blondell,Pugh,25302,BPugh,bpugh@aol.com,201 Hawk Ct,2904,Providence,401-960-8259,2020-10-12
Jamal,Vanausdal,25316,JVanausdal,jamal@vanausdal.org,53075 Sw 152nd Ter #615,8831,Monroe Township,732-234-1546,2018-10-07
Cecily,Hollack,25330,CHollack,cecily@hollack.org,59 N Groesbeck Hwy,78731,Austin,512-486-3817,2019-12-09
Carmelina,Lindall,25344,CLindall,carmelina_lindall@lindall.com,2664 Lewis Rd,80126,Littleton,303-724-7371,2018-06-24
Maurine,Yglesias,25358,MYglesias,maurine_yglesias@yglesias.com,59 Shady Ln #53,53214,Milwaukee,414-748-1374,2020-07-14
Tawna,Buvens,25372,TBuvens,tawna@gmail.com,3305 Nabell Ave #679,10009,New York,212-674-9610,2017-10-02
Penney,Weight,25386,PWeight,penney_weight@aol.com,18 Fountain St,99515,Anchorage,907-797-9628,2018-03-29
Elly,Morocco,25400,EMorocco,elly_morocco@gmail.com,7 W 32nd St,16502,Erie,814-393-5571,2020-06-09
Ilene,Eroman,25414,IEroman,ilene.eroman@hotmail.com,2853 S Central Expy,21061,Glen Burnie,410-914-9018,2018-11-17
Vallie,Mondella,25428,VMondella,vmondella@mondella.com,74 W College St,83707,Boise,208-862-5339,2016-10-28
Kallie,Blackwood,25442,KBlackwood,kallie.blackwood@gmail.com,701 S Harrison Rd,94104,San Francisco,415-315-2761,2019-12-18
Johnetta,Abdallah,25456,JAbdallah,johnetta_abdallah@aol.com,1088 Pinehurst St,27514,Chapel Hill,919-225-9345,2019-11-04
Bobbye,Rhym,25470,BRhym,brhym@rhym.com,30 W 80th St #1995,94070,San Carlos,650-528-5783,2020-08-26
Micaela,Rhymes,25484,MRhymes,micaela_rhymes@gmail.com,20932 Hedley St,94520,Concord,925-647-3298,2020-05-07
Tamar,Hoogland,25498,THoogland,tamar@hotmail.com,2737 Pistorio Rd #9230,43140,London,740-343-8575,2016-12-20
Moon,Parlato,25512,MParlato,moon@yahoo.com,74989 Brandon St,14895,Wellsville,585-866-8313,2019-01-26
Laurel,Reitler,25526,LReitler,laurel_reitler@reitler.com,6 Kains Ave,21215,Baltimore,410-520-4832,2017-01-31
Delisa,Crupi,25540,DCrupi,delisa.crupi@crupi.com,47565 W Grand Ave,7105,Newark,973-354-2040,2018-07-09
Viva,Toelkes,25554,VToelkes,viva.toelkes@gmail.com,4284 Dorigo Ln,60647,Chicago,773-446-5569,2016-10-16
Elza,Lipke,25568,ELipke,elza@yahoo.com,6794 Lake Dr E,7104,Newark,973-927-3447,2020-10-11
Devorah,Chickering,25582,DChickering,devorah@hotmail.com,31 Douglas Blvd #950,88101,Clovis,505-975-8559,2019-12-15
Timothy,Mulqueen,25596,TMulqueen,timothy_mulqueen@mulqueen.org,44 W 4th St,10309,Staten Island,718-332-6527,2018-04-17
Arlette,Honeywell,25610,AHoneywell,ahoneywell@honeywell.com,11279 Loytan St,32254,Jacksonville,904-775-4480,2019-05-12
Dominque,Dickerson,25624,DDickerson,dominque.dickerson@dickerson.org,69 Marquette Ave,94545,Hayward,510-993-3758,2018-08-03
Lettie,Isenhower,25638,LIsenhower,lettie_isenhower@yahoo.com,70 W Main St,44122,Beachwood,216-657-7668,2018-11-05
Myra,Munns,25652,MMunns,mmunns@cox.net,461 Prospect Pl #316,76040,Euless,817-914-7518,2017-12-02
Stephaine,Barfield,25666,SBarfield,stephaine@barfield.com,47154 Whipple Ave Nw,90247,Gardena,310-774-7643,2020-01-25
Lai,Gato,25680,LGato,lai.gato@gato.org,37 Alabama Ave,60201,Evanston,847-728-7286,2019-11-25
Stephen,Emigh,25694,SEmigh,stephen_emigh@hotmail.com,3777 E Richmond St #900,44302,Akron,330-537-5358,2020-02-15
Tyra,Shields,25708,TShields,tshields@gmail.com,3 Fort Worth Ave,19106,Philadelphia,215-255-1641,2018-02-16
Tammara,Wardrip,25722,TWardrip,twardrip@cox.net,4800 Black Horse Pike,94010,Burlingame,650-803-1936,2016-11-11
Cory,Gibes,25736,CGibes,cory.gibes@gmail.com,83649 W Belmont Ave,91776,San Gabriel,626-572-1096,2019-04-08
Danica,Bruschke,25750,DBruschke,danica_bruschke@gmail.com,840 15th Ave,76708,Waco,254-782-8569,2018-03-22
Wilda,Giguere,25764,WGiguere,wilda@cox.net,1747 Calle Amanecer #2,99501,Anchorage,907-870-5536,2020-01-06
Elvera,Benimadho,25778,EBenimadho,elvera.benimadho@cox.net,99385 Charity St #840,95110,San Jose,408-703-8505,2019-09-27
Carma,Vanheusen,25792,CVanheusen,carma@cox.net,68556 Central Hwy,94577,San Leandro,510-503-7169,2017-02-10
Malinda,Hochard,25806,MHochard,malinda.hochard@yahoo.com,55 Riverside Ave,46202,Indianapolis,317-722-5066,2017-07-31
Natalie,Fern,25820,NFern,natalie.fern@hotmail.com,7140 University Ave,82901,Rock Springs,307-704-8713,2016-12-24
Lisha,Centini,25834,LCentini,lisha@centini.org,64 5th Ave #1153,22102,Mc Lean,703-235-3937,2020-04-28
Arlene,Klusman,25848,AKlusman,arlene_klusman@gmail.com,3 Secor Rd,70112,New Orleans,504-710-5840,2020-09-11
Alease,Buemi,25862,ABuemi,alease@buemi.com,4 Webbs Chapel Rd,80303,Boulder,303-301-4946,2020-01-19
Louisa,Cronauer,25876,LCronauer,louisa@cronauer.com,524 Louisiana Ave Nw,94577,San Leandro,510-828-7047,2020-06-15
Angella,Cetta,25890,ACetta,angella.cetta@hotmail.com,185 Blackstone Bldge,96817,Honolulu,808-892-7943,2018-03-08
Cyndy,Goldammer,25904,CGoldammer,cgoldammer@cox.net,170 Wyoming Ave,55337,Burnsville,952-334-9408,2017-07-24
Rosio,Cork,25918,RCork,rosio.cork@gmail.com,4 10th St W,27263,High Point,336-243-5659,2017-01-05
Celeste,Korando,25932,CKorando,ckorando@hotmail.com,7 W Pinhook Rd,11563,Lynbrook,516-509-2347,2018-07-25
Twana,Felger,25946,TFelger,twana.felger@felger.org,1 Commerce Way,97224,Portland,503-939-3153,2018-11-11
Estrella,Samu,25960,ESamu,estrella@aol.com,64 Lakeview Ave,53511,Beloit,608-976-7199,2017-12-18
Donte,Kines,25974,DKines,dkines@hotmail.com,3 Aspen St,1602,Worcester,508-429-8576,2020-04-25
Tiffiny,Steffensmeier,25988,TSteffensmeier,tiffiny_steffensmeier@cox.net,32860 Sierra Rd,33133,Miami,305-385-9695,2018-10-26
Edna,Miceli,26002,EMiceli,emiceli@miceli.org,555 Main St,16502,Erie,814-460-2655,2019-07-29
Sue,Kownacki,26016,SKownacki,sue@aol.com,2 Se 3rd Ave,75149,Mesquite,972-666-3413,2018-01-06
Jesusa,Shin,26030,JShin,jshin@shin.com,2239 Shawnee Mission Pky,37388,Tullahoma,931-273-8709,2018-03-03
Rolland,Francescon,26044,RFrancescon,rolland@cox.net,2726 Charcot Ave,7501,Paterson,973-649-2922,2019-05-10
Pamella,Schmierer,26058,PSchmierer,pamella.schmierer@schmierer.org,5161 Dorsett Rd,33030,Homestead,305-420-8970,2020-03-05
Glory,Kulzer,26072,GKulzer,gkulzer@kulzer.org,55892 Jacksonville Rd,21117,Owings Mills,410-224-9462,2018-09-20
Shawna,Palaspas,26086,SPalaspas,shawna_palaspas@palaspas.org,5 N Cleveland Massillon Rd,91362,Thousand Oaks,805-275-3566,2018-09-02
Brandon,Callaro,26100,BCallaro,brandon_callaro@hotmail.com,7 Benton Dr,96819,Honolulu,808-215-6832,2019-04-01
Scarlet,Cartan,26114,SCartan,scarlet.cartan@yahoo.com,9390 S Howell Ave,31701,Albany,229-735-3378,2019-01-14
Oretha,Menter,26128,OMenter,oretha_menter@yahoo.com,8 County Center Dr #647,2210,Boston,617-418-5043,2018-09-09
Ty,Smith,26142,TSmith,tsmith@aol.com,4646 Kaahumanu St,7601,Hackensack,201-672-1553,2019-07-25
Xuan,Rochin,26156,XRochin,xuan@gmail.com,2 Monroe St,94403,San Mateo,650-933-5072,2019-07-24
Lindsey,Dilello,26170,LDilello,lindsey.dilello@hotmail.com,52777 Leaders Heights Rd,91761,Ontario,909-639-9887,2018-02-07
Devora,Perez,26184,DPerez,devora_perez@perez.org,72868 Blackington Ave,94606,Oakland,510-955-3016,2020-01-16
Herman,Demesa,26198,HDemesa,hdemesa@cox.net,9 Norristown Rd,12180,Troy,518-497-2940,2017-06-24
Rory,Papasergi,26212,RPapasergi,rpapasergi@cox.net,83 County Road 437 #8581,18411,Clarks Summit,570-867-7489,2016-10-13
Talia,Riopelle,26226,TRiopelle,talia_riopelle@aol.com,1 N Harlem Ave #9,7050,Orange,973-245-2133,2018-03-20
Van,Shire,26240,VShire,van.shire@shire.com,90131 J St,8867,Pittstown,908-409-2890,2018-03-31
Lucina,Lary,26254,LLary,lucina_lary@cox.net,8597 W National Ave,32922,Cocoa,321-749-4981,2019-07-09
Bok,Isaacs,26268,BIsaacs,bok.isaacs@aol.com,6 Gilson St,10468,Bronx,718-809-3762,2017-12-09
Rolande,Spickerman,26282,RSpickerman,rolande.spickerman@spickerman.com,65 W Maple Ave,96782,Pearl City,808-315-3077,2018-08-16
Howard,Paulas,26296,HPaulas,hpaulas@gmail.com,866 34th Ave,80231,Denver,303-623-4241,2017-12-06
Kimbery,Madarang,26310,KMadarang,kimbery_madarang@cox.net,798 Lund Farm Way,7866,Rockaway,973-310-1634,2019-09-20
Thurman,Manno,26324,TManno,thurman.manno@yahoo.com,9387 Charcot Ave,8201,Absecon,609-524-3586,2019-09-30
Becky,Mirafuentes,26338,BMirafuentes,becky.mirafuentes@mirafuentes.com,30553 Washington Rd,7062,Plainfield,908-877-8409,2017-08-17
Beatriz,Corrington,26352,BCorrington,beatriz@yahoo.com,481 W Lemon St,2346,Middleboro,508-584-4279,2016-12-04
Marti,Maybury,26366,MMaybury,marti.maybury@yahoo.com,4 Warehouse Point Rd #7,60638,Chicago,773-775-4522,2017-10-17
Nieves,Gotter,26380,NGotter,nieves_gotter@gmail.com,4940 Pulaski Park Dr,97202,Portland,503-527-5274,2020-06-24
Leatha,Hagele,26394,LHagele,lhagele@cox.net,627 Walford Ave,75227,Dallas,214-339-1809,2020-04-15
Valentin,Klimek,26408,VKlimek,vklimek@klimek.org,137 Pioneer Way,60604,Chicago,312-303-5453,2018-06-23
Melissa,Wiklund,26422,MWiklund,melissa@cox.net,61 13 Stoneridge #835,45840,Findlay,419-939-3613,2020-09-11
Sheridan,Zane,26436,SZane,sheridan.zane@zane.com,2409 Alabama Rd,92501,Riverside,951-645-3605,2018-01-22
Bulah,Padilla,26450,BPadilla,bulah_padilla@hotmail.com,8927 Vandever Ave,76707,Waco,254-463-4368,2018-01-17
Audra,Kohnert,26464,AKohnert,audra@kohnert.com,134 Lewis Rd,37211,Nashville,615-406-7854,2018-11-01
Daren,Weirather,26478,DWeirather,dweirather@aol.com,9 N College Ave #3,53216,Milwaukee,414-959-2540,2018-01-25
Fernanda,Jillson,26492,FJillson,fjillson@aol.com,60480 Old Us Highway 51,21655,Preston,410-387-5260,2020-04-18
Gearldine,Gellinger,26506,GGellinger,gearldine_gellinger@gellinger.com,4 Bloomfield Ave,75061,Irving,972-934-6914,2018-03-03
Chau,Kitzman,26520,CKitzman,chau@gmail.com,429 Tiger Ln,90212,Beverly Hills,310-560-8022,2020-06-29
Theola,Frey,26534,TFrey,theola_frey@frey.com,54169 N Main St,11758,Massapequa,516-948-5768,2017-07-19
Cheryl,Haroldson,26548,CHaroldson,cheryl@haroldson.org,92 Main St,8401,Atlantic City,609-518-7697,2019-08-15
Laticia,Merced,26562,LMerced,lmerced@gmail.com,72 Mannix Dr,45203,Cincinnati,513-508-7371,2020-05-25
Carissa,Batman,26576,CBatman,carissa.batman@yahoo.com,12270 Caton Center Dr,97401,Eugene,541-326-4074,2017-05-27
Lezlie,Craghead,26590,LCraghead,lezlie.craghead@craghead.org,749 W 18th St #45,27577,Smithfield,919-533-3762,2020-10-04
Ozell,Shealy,26604,OShealy,oshealy@hotmail.com,8 Industry Ln,10002,New York,212-332-8435,2018-11-15
Arminda,Parvis,26618,AParvis,arminda@parvis.com,1 Huntwood Ave,85017,Phoenix,602-906-9419,2018-12-28
Reita,Leto,26632,RLeto,reita.leto@gmail.com,55262 N French Rd,46240,Indianapolis,317-234-1135,2018-05-16
Yolando,Luczki,26646,YLuczki,yolando@cox.net,422 E 21st St,13214,Syracuse,315-304-4759,2017-01-19
Lizette,Stem,26660,LStem,lizette.stem@aol.com,501 N 19th Ave,8002,Cherry Hill,856-487-5412,2016-12-24
Gregoria,Pawlowicz,26674,GPawlowicz,gpawlowicz@yahoo.com,455 N Main Ave,11530,Garden City,516-212-1915,2020-08-21
Carin,Deleo,26688,CDeleo,cdeleo@deleo.com,1844 Southern Blvd,72202,Little Rock,501-308-1040,2019-04-18
Chantell,Maynerich,26702,CMaynerich,chantell@yahoo.com,2023 Greg St,55101,Saint Paul,651-591-2583,2019-04-06
Dierdre,Yum,26716,DYum,dyum@yahoo.com,63381 Jenks Ave,19134,Philadelphia,215-325-3042,2020-09-23
Larae,Gudroe,26730,LGudroe,larae_gudroe@gmail.com,6651 Municipal Rd,70360,Houma,985-890-7262,2017-08-01
Latrice,Tolfree,26744,LTolfree,latrice.tolfree@hotmail.com,81 Norris Ave #525,11779,Ronkonkoma,631-957-7624,2019-02-02
Kerry,Theodorov,26758,KTheodorov,kerry.theodorov@gmail.com,6916 W Main St,95827,Sacramento,916-591-3277,2017-01-21
Dorthy,Hidvegi,26772,DHidvegi,dhidvegi@yahoo.com,9635 S Main St,83704,Boise,208-649-2373,2018-08-01
Fannie,Lungren,26786,FLungren,fannie.lungren@yahoo.com,17 Us Highway 111,78664,Round Rock,512-587-5746,2020-06-18
Evangelina,Radde,26800,ERadde,evangelina@aol.com,992 Civic Center Dr,19123,Philadelphia,215-964-3284,2019-08-17
Novella,Degroot,26814,NDegroot,novella_degroot@degroot.org,303 N Radcliffe St,96720,Hilo,808-477-4775,2020-08-21
Clay,Hoa,26828,CHoa,choa@hoa.org,73 Saint Ann St #86,89502,Reno,775-501-8109,2017-04-10
Jennifer,Fallick,26842,JFallick,jfallick@yahoo.com,44 58th St,60090,Wheeling,847-979-9545,2019-03-09
Irma,Wolfgramm,26856,IWolfgramm,irma.wolfgramm@hotmail.com,9745 W Main St,7869,Randolph,973-545-7355,2019-09-24
Eun,Coody,26870,ECoody,eun@yahoo.com,84 Bloomfield Ave,29301,Spartanburg,864-256-3620,2016-11-01
Sylvia,Cousey,26884,SCousey,sylvia_cousey@cousey.org,287 Youngstown Warren Rd,21074,Hampstead,410-209-9545,2020-01-22
Nana,Wrinkles,26898,NWrinkles,nana@aol.com,6 Van Buren St,10553,Mount Vernon,914-855-2115,2020-07-10
Layla,Springe,26912,LSpringe,layla.springe@cox.net,229 N Forty Driv,10011,New York,212-260-3151,2018-12-23
Joesph,Degonia,26926,JDegonia,joesph_degonia@degonia.org,2887 Knowlton St #5435,94710,Berkeley,510-677-9785,2019-08-28
Annabelle,Boord,26940,ABoord,annabelle.boord@cox.net,523 Marquette Ave,1742,Concord,978-697-6263,2017-04-07
Stephaine,Vinning,26954,SVinning,stephaine@cox.net,3717 Hamann Industrial Pky,94104,San Francisco,415-767-6596,2017-09-19
Nelida,Sawchuk,26968,NSawchuk,nelida@gmail.com,3 State Route 35 S,7652,Paramus,201-971-1638,2019-06-29
Marguerita,Hiatt,26982,MHiatt,marguerita.hiatt@gmail.com,82 N Highway 67,94561,Oakley,925-634-7158,2018-09-10
Carmela,Cookey,26996,CCookey,ccookey@cookey.org,9 Murfreesboro Rd,60623,Chicago,773-494-4195,2020-03-16
Junita,Brideau,27010,JBrideau,jbrideau@aol.com,6 S Broadway St,7009,Cedar Grove,973-943-3423,2018-02-08
Claribel,Varriano,27024,CVarriano,claribel_varriano@cox.net,6 Harry L Dr #6327,43551,Perrysburg,419-544-4900,2018-06-18
Benton,Skursky,27038,BSkursky,benton.skursky@aol.com,47939 Porter Ave,90248,Gardena,310-579-2907,2020-03-04
Hillary,Skulski,27052,HSkulski,hillary.skulski@aol.com,9 Wales Rd Ne #914,34448,Homosassa,352-242-2570,2020-06-12
Merilyn,Bayless,27066,MBayless,merilyn_bayless@cox.net,195 13n N,95054,Santa Clara,408-758-5015,2020-08-05
Teri,Ennaco,27080,TEnnaco,tennaco@gmail.com,99 Tank Farm Rd,18201,Hazleton,570-889-5187,2017-04-01
Merlyn,Lawler,27094,MLawler,merlyn_lawler@hotmail.com,4671 Alemany Blvd,7304,Jersey City,201-588-7810,2018-04-17
Georgene,Montezuma,27108,GMontezuma,gmontezuma@cox.net,98 University Dr,94583,San Ramon,925-615-5185,2020-10-12
Jettie,Mconnell,27122,JMconnell,jmconnell@hotmail.com,50 E Wacker Dr,8807,Bridgewater,908-802-3564,2018-07-01
Lemuel,Latzke,27136,LLatzke,lemuel.latzke@gmail.com,70 Euclid Ave #722,11716,Bohemia,631-748-6479,2019-02-17
Melodie,Knipp,27150,MKnipp,mknipp@gmail.com,326 E Main St #6496,91362,Thousand Oaks,805-690-1682,2019-01-05
Candida,Corbley,27164,CCorbley,candida_corbley@hotmail.com,406 Main St,8876,Somerville,908-275-8357,2019-04-04
Karan,Karpin,27178,KKarpin,karan_karpin@gmail.com,3 Elmwood Dr,97005,Beaverton,503-940-8327,2016-11-25
Andra,Scheyer,27192,AScheyer,andra@gmail.com,9 Church St,97302,Salem,503-516-2189,2018-06-28
Felicidad,Poullion,27206,FPoullion,fpoullion@poullion.com,9939 N 14th St,8077,Riverton,856-305-9731,2020-07-30
Belen,Strassner,27220,BStrassner,belen_strassner@aol.com,5384 Southwyck Blvd,30135,Douglasville,770-507-8791,2017-09-15
Gracia,Melnyk,27234,GMelnyk,gracia@melnyk.com,97 Airport Loop Dr,32216,Jacksonville,904-235-3633,2016-11-24
Jolanda,Hanafan,27248,JHanafan,jhanafan@gmail.com,37855 Nolan Rd,4401,Bangor,207-458-9196,2019-04-11
Barrett,Toyama,27262,BToyama,barrett.toyama@toyama.org,4252 N Washington Ave #9,76060,Kennedale,817-765-5781,2017-05-25
Helga,Fredicks,27276,HFredicks,helga_fredicks@yahoo.com,42754 S Ash Ave,14228,Buffalo,716-752-4114,2017-01-07
Ashlyn,Pinilla,27290,APinilla,apinilla@cox.net,703 Beville Rd,33054,Opa Locka,305-670-9628,2018-02-04
Fausto,Agramonte,27304,FAgramonte,fausto_agramonte@yahoo.com,5 Harrison Rd,10038,New York,212-313-1783,2020-03-01
Ronny,Caiafa,27318,RCaiafa,ronny.caiafa@caiafa.org,73 Southern Blvd,19103,Philadelphia,215-605-7570,2019-07-15
Marge,Limmel,27332,MLimmel,marge@gmail.com,189 Village Park Rd,32536,Crestview,850-430-1663,2017-10-24
Norah,Waymire,27346,NWaymire,norah.waymire@gmail.com,6 Middlegate Rd #106,94107,San Francisco,415-306-7897,2019-06-04
Aliza,Baltimore,27360,ABaltimore,aliza@aol.com,1128 Delaware St,95132,San Jose,408-504-3552,2019-08-21
Mozell,Pelkowski,27374,MPelkowski,mpelkowski@pelkowski.org,577 Parade St,94080,South San Francisco,650-947-1215,2020-05-05
Viola,Bitsuie,27388,VBitsuie,viola@gmail.com,70 Mechanic St,91325,Northridge,818-864-4875,2017-10-14
Franklyn,Emard,27402,FEmard,femard@emard.com,4379 Highway 116,19103,Philadelphia,215-558-8189,2019-12-10
Willodean,Konopacki,27416,WKonopacki,willodean_konopacki@konopacki.org,55 Hawthorne Blvd,70506,Lafayette,337-253-8384,2019-05-01
Beckie,Silvestrini,27430,BSilvestrini,beckie.silvestrini@silvestrini.com,7116 Western Ave,48126,Dearborn,313-533-4884,2017-03-19
Rebecka,Gesick,27444,RGesick,rgesick@gesick.org,2026 N Plankinton Ave #3,78754,Austin,512-213-8574,2017-12-29
Frederica,Blunk,27458,FBlunk,frederica_blunk@gmail.com,99586 Main St,75207,Dallas,214-428-2285,2017-06-05
Glen,Bartolet,27472,GBartolet,glen_bartolet@hotmail.com,8739 Hudson St,98070,Vashon,206-697-5796,2019-10-21
Freeman,Gochal,27486,FGochal,freeman_gochal@aol.com,383 Gunderman Rd #197,19320,Coatesville,610-476-3501,2017-05-30
Vincent,Meinerding,27500,VMeinerding,vincent.meinerding@hotmail.com,4441 Point Term Mkt,19143,Philadelphia,215-372-1718,2020-02-20
Rima,Bevelacqua,27514,RBevelacqua,rima@cox.net,2972 Lafayette Ave,90248,Gardena,310-858-5079,2017-04-17
Glendora,Sarbacher,27528,GSarbacher,gsarbacher@gmail.com,2140 Diamond Blvd,94928,Rohnert Park,707-653-8214,2019-10-28
Avery,Steier,27542,ASteier,avery@cox.net,93 Redmond Rd #492,32803,Orlando,407-808-9439,2018-05-12
Cristy,Lother,27556,CLother,cristy@lother.com,3989 Portage Tr,92025,Escondido,760-971-4322,2018-05-01
Nicolette,Brossart,27570,NBrossart,nicolette_brossart@brossart.com,1 Midway Rd,1581,Westborough,508-837-9230,2017-03-22
Tracey,Modzelewski,27584,TModzelewski,tracey@hotmail.com,77132 Coon Rapids Blvd Nw,77301,Conroe,936-264-9294,2017-11-23
Virgina,Tegarden,27598,VTegarden,virgina_tegarden@tegarden.com,755 Harbor Way,53226,Milwaukee,414-214-8697,2018-06-29
Tiera,Frankel,27612,TFrankel,tfrankel@aol.com,87 Sierra Rd,91731,El Monte,626-636-4117,2020-01-07
Alaine,Bergesen,27626,ABergesen,alaine_bergesen@cox.net,7667 S Hulen St #42,10701,Yonkers,914-300-9193,2020-01-15
Earleen,Mai,27640,EMai,earleen_mai@cox.net,75684 S Withlapopka Dr #32,75227,Dallas,214-289-1973,2018-11-20
Leonida,Gobern,27654,LGobern,leonida@gobern.org,5 Elmwood Park Blvd,39530,Biloxi,228-235-5615,2017-07-08
Ressie,Auffrey,27668,RAuffrey,ressie.auffrey@yahoo.com,23 Palo Alto Sq,33134,Miami,305-604-8981,2020-02-19
Justine,Mugnolo,27682,JMugnolo,jmugnolo@yahoo.com,38062 E Main St,10048,New York,212-304-9225,2020-06-19
Eladia,Saulter,27696,ESaulter,eladia@saulter.com,3958 S Dupont Hwy #7,7446,Ramsey,201-474-4924,2020-03-20
Chaya,Malvin,27710,CMalvin,chaya@malvin.com,560 Civic Center Dr,48103,Ann Arbor,734-928-5182,2020-10-09
Gwenn,Suffield,27724,GSuffield,gwenn_suffield@suffield.org,3270 Dequindre Rd,11729,Deer Park,631-258-6558,2019-08-01
Salena,Karpel,27738,SKarpel,skarpel@cox.net,1 Garfield Ave #7,44707,Canton,330-791-8557,2017-12-27
Yoko,Fishburne,27752,YFishburne,yoko@fishburne.com,9122 Carpenter Ave,6511,New Haven,203-506-4706,2019-08-28
Taryn,Moyd,27766,TMoyd,taryn.moyd@hotmail.com,48 Lenox St,22030,Fairfax,703-322-4041,2019-12-01
Katina,Polidori,27780,KPolidori,katina_polidori@aol.com,5 Little River Tpke,1887,Wilmington,978-626-2978,2018-09-17
Rickie,Plumer,27794,RPlumer,rickie.plumer@aol.com,3 N Groesbeck Hwy,43613,Toledo,419-693-1334,2017-02-17
Alex,Loader,27808,ALoader,alex@loader.com,37 N Elm St #916,98409,Tacoma,253-660-7821,2020-02-22
Lashon,Vizarro,27822,LVizarro,lashon@aol.com,433 Westminster Blvd #590,95661,Roseville,916-741-7884,2019-02-11
Lauran,Burnard,27836,LBurnard,lburnard@burnard.com,66697 Park Pl #3224,82501,Riverton,307-342-7795,2019-07-26
Ceola,Setter,27850,CSetter,ceola.setter@setter.org,96263 Greenwood Pl,4864,Warren,207-627-7565,2020-08-13
My,Rantanen,27864,MRantanen,my@hotmail.com,8 Mcarthur Ln,18954,Richboro,215-491-5633,2018-09-29
Lorrine,Worlds,27878,LWorlds,lorrine.worlds@worlds.com,8 Fair Lawn Ave,33614,Tampa,813-769-2939,2019-01-04
Peggie,Sturiale,27892,PSturiale,peggie@cox.net,9 N 14th St,92020,El Cajon,619-608-1763,2020-05-13
Marvel,Raymo,27906,MRaymo,mraymo@yahoo.com,9 Vanowen St,77840,College Station,979-718-8968,2017-05-26
Daron,Dinos,27920,DDinos,daron_dinos@cox.net,18 Waterloo Geneva Rd,60035,Highland Park,847-233-3075,2019-12-06
An,Fritz,27934,AFritz,an_fritz@hotmail.com,506 S Hacienda Dr,8401,Atlantic City,609-228-5265,2017-10-04
Portia,Stimmel,27948,PStimmel,portia.stimmel@aol.com,3732 Sherman Ave,8807,Bridgewater,908-722-7128,2018-12-24
Rhea,Aredondo,27962,RAredondo,rhea_aredondo@cox.net,25657 Live Oak St,11226,Brooklyn,718-560-9537,2018-10-17
Benedict,Sama,27976,BSama,bsama@cox.net,4923 Carey Ave,63104,Saint Louis,314-787-1588,2017-12-28
Alyce,Arias,27990,AArias,alyce@arias.org,3196 S Rider Trl,95207,Stockton,209-317-1801,2017-05-09
Heike,Berganza,28004,HBerganza,heike@gmail.com,3 Railway Ave #75,7424,Little Falls,973-936-5095,2017-12-30
Carey,Dopico,28018,CDopico,carey_dopico@dopico.org,87393 E Highland Rd,46220,Indianapolis,317-578-2453,2019-07-12
Dottie,Hellickson,28032,DHellickson,dottie@hellickson.org,67 E Chestnut Hill Rd,98133,Seattle,206-540-6076,2020-07-05
Deandrea,Hughey,28046,DHughey,deandrea@yahoo.com,33 Lewis Rd #46,27215,Burlington,336-822-7652,2017-10-23
Kimberlie,Duenas,28060,KDuenas,kimberlie_duenas@yahoo.com,8100 Jacksonville Rd #7,67601,Hays,785-629-8542,2018-04-28
Martina,Staback,28074,MStaback,martina_staback@staback.com,7 W Wabansia Ave #227,32822,Orlando,407-471-6908,2019-06-10
Skye,Fillingim,28088,SFillingim,skye_fillingim@yahoo.com,25 Minters Chapel Rd #9,55401,Minneapolis,612-508-2655,2018-02-18
Jade,Farrar,28102,JFarrar,jade.farrar@yahoo.com,6882 Torresdale Ave,29201,Columbia,803-352-5387,2020-03-06
Charlene,Hamilton,28116,CHamilton,charlene.hamilton@hotmail.com,985 E 6th Ave,95407,Santa Rosa,707-300-1771,2019-05-09
Geoffrey,Acey,28130,GAcey,geoffrey@gmail.com,7 West Ave #1,60067,Palatine,847-222-1734,2020-02-23
Stevie,Westerbeck,28144,SWesterbeck,stevie.westerbeck@yahoo.com,26659 N 13th St,92626,Costa Mesa,949-867-4077,2020-09-15
Pamella,Fortino,28158,PFortino,pamella@fortino.com,669 Packerland Dr #1438,80212,Denver,303-404-2210,2018-10-13
Harrison,Haufler,28172,HHaufler,hhaufler@hotmail.com,759 Eldora St,6515,New Haven,203-801-6193,2017-03-30
Johnna,Engelberg,28186,JEngelberg,jengelberg@engelberg.org,5 S Colorado Blvd #449,98021,Bothell,425-986-7573,2020-03-08
Buddy,Cloney,28200,BCloney,buddy.cloney@yahoo.com,944 Gaither Dr,44136,Strongsville,440-989-5826,2019-10-26
Dalene,Riden,28214,DRiden,dalene.riden@aol.com,66552 Malone Rd,3865,Plaistow,603-315-6839,2017-01-29
Jerry,Zurcher,28228,JZurcher,jzurcher@zurcher.org,77 Massillon Rd #822,32937,Satellite Beach,321-518-5938,2020-08-02
Haydee,Denooyer,28242,HDenooyer,hdenooyer@denooyer.org,25346 New Rd,10016,New York,212-792-8658,2017-12-14
Joseph,Cryer,28256,JCryer,joseph_cryer@cox.net,60 Fillmore Ave,92647,Huntington Beach,714-584-2237,2017-04-27
Deonna,Kippley,28270,DKippley,deonna_kippley@hotmail.com,57 Haven Ave #90,48075,Southfield,248-913-4677,2019-08-02
Raymon,Calvaresi,28284,RCalvaresi,raymon.calvaresi@gmail.com,6538 E Pomona St #60,46222,Indianapolis,317-825-4724,2019-01-17
Alecia,Bubash,28298,ABubash,alecia@aol.com,6535 Joyce St,76301,Wichita Falls,940-276-7922,2020-02-03
Ma,Layous,28312,MLayous,mlayous@hotmail.com,78112 Morris Ave,6473,North Haven,203-721-3388,2018-02-26
Detra,Coyier,28326,DCoyier,detra@aol.com,96950 Hidden Ln,21001,Aberdeen,410-739-9277,2018-09-17
Terrilyn,Rodeigues,28340,TRodeigues,terrilyn.rodeigues@cox.net,3718 S Main St,70130,New Orleans,504-463-4384,2020-09-29
Salome,Lacovara,28354,SLacovara,slacovara@gmail.com,9677 Commerce Dr,23219,Richmond,804-550-5097,2018-08-06
Garry,Keetch,28368,GKeetch,garry_keetch@hotmail.com,5 Green Pond Rd #4,18966,Southampton,215-979-8776,2020-05-12
Matthew,Neither,28382,MNeither,mneither@yahoo.com,636 Commerce Dr #42,55379,Shakopee,952-651-7597,2020-08-11
Theodora,Restrepo,28396,TRestrepo,theodora.restrepo@restrepo.com,42744 Hamann Industrial Pky #82,33136,Miami,305-936-8226,2020-04-11
Noah,Kalafatis,28410,NKalafatis,noah.kalafatis@aol.com,1950 5th Ave,53209,Milwaukee,414-263-5287,2020-08-23
Carmen,Sweigard,28424,CSweigard,csweigard@sweigard.com,61304 N French Rd,8873,Somerset,732-941-2621,2020-02-15
Lavonda,Hengel,28438,LHengel,lavonda@cox.net,87 Imperial Ct #79,58102,Fargo,701-898-2154,2019-04-26
Junita,Stoltzman,28452,JStoltzman,junita@aol.com,94 W Dodge Rd,89701,Carson City,775-638-9963,2017-07-21
Herminia,Nicolozakes,28466,HNicolozakes,herminia@nicolozakes.org,4 58th St #3519,85254,Scottsdale,602-954-5141,2020-09-27
Casie,Good,28480,CGood,casie.good@aol.com,5221 Bear Valley Rd,37211,Nashville,615-390-2251,2019-01-11
Reena,Maisto,28494,RMaisto,reena@hotmail.com,9648 S Main,21801,Salisbury,410-351-1863,2018-03-24
Mirta,Mallett,28508,MMallett,mirta_mallett@gmail.com,7 S San Marcos Rd,10004,New York,212-870-1286,2017-12-08
Cathrine,Pontoriero,28522,CPontoriero,cathrine.pontoriero@pontoriero.com,812 S Haven St,79109,Amarillo,806-703-1435,2020-01-06
Filiberto,Tawil,28536,FTawil,ftawil@hotmail.com,3882 W Congress St #799,90016,Los Angeles,323-765-2528,2018-11-16
Raul,Upthegrove,28550,RUpthegrove,rupthegrove@yahoo.com,4 E Colonial Dr,91942,La Mesa,619-509-5282,2018-10-03
Sarah,Candlish,28564,SCandlish,sarah.candlish@gmail.com,45 2nd Ave #9759,30328,Atlanta,770-732-1194,2018-01-05
Lucy,Treston,28578,LTreston,lucy@cox.net,57254 Brickell Ave #372,1602,Worcester,508-769-5250,2018-09-01
Judy,Aquas,28592,JAquas,jaquas@aquas.com,8977 Connecticut Ave Nw #3,49120,Niles,269-756-7222,2019-09-19
Yvonne,Tjepkema,28606,YTjepkema,yvonne.tjepkema@hotmail.com,9 Waydell St,7004,Fairfield,973-714-1721,2020-01-08
Kayleigh,Lace,28620,KLace,kayleigh.lace@yahoo.com,43 Huey P Long Ave,70508,Lafayette,337-740-9323,2017-08-22
Felix,Hirpara,28634,FHirpara,felix_hirpara@cox.net,7563 Cornwall Rd #4462,17517,Denver,717-491-5643,2020-05-24
Tresa,Sweely,28648,TSweely,tresa_sweely@hotmail.com,22 Bridle Ln,63088,Valley Park,314-359-9566,2018-04-30
Kristeen,Turinetti,28662,KTurinetti,kristeen@gmail.com,70099 E North Ave,76013,Arlington,817-213-8851,2019-07-21
Jenelle,Regusters,28676,JRegusters,jregusters@regusters.com,3211 E Northeast Loop,33619,Tampa,813-932-8715,2020-03-07
Renea,Monterrubio,28690,RMonterrubio,renea@hotmail.com,26 Montgomery St,30328,Atlanta,770-679-4752,2017-02-02
Olive,Matuszak,28704,OMatuszak,olive@aol.com,13252 Lighthouse Ave,92234,Cathedral City,760-938-6069,2020-01-14
Ligia,Reiber,28718,LReiber,lreiber@cox.net,206 Main St #2804,48933,Lansing,517-906-1108,2017-12-18
Christiane,Eschberger,28732,CEschberger,christiane.eschberger@yahoo.com,96541 W Central Blvd,85034,Phoenix,602-390-4944,2017-06-03
Goldie,Schirpke,28746,GSchirpke,goldie.schirpke@yahoo.com,34 Saint George Ave #2,4401,Bangor,207-295-7569,2020-03-31
Loreta,Timenez,28760,LTimenez,loreta.timenez@hotmail.com,47857 Coney Island Ave,20735,Clinton,301-696-6420,2019-11-15
Fabiola,Hauenstein,28774,FHauenstein,fabiola.hauenstein@hauenstein.org,8573 Lincoln Blvd,17404,York,717-809-3119,2018-06-02
Amie,Perigo,28788,APerigo,amie.perigo@yahoo.com,596 Santa Maria Ave #7913,75150,Mesquite,972-419-7946,2020-07-09
Raina,Brachle,28802,RBrachle,raina.brachle@brachle.org,3829 Ventura Blvd,59701,Butte,406-318-1515,2019-05-27
Erinn,Canlas,28816,ECanlas,erinn.canlas@canlas.com,13 S Hacienda Dr,7039,Livingston,973-767-3008,2018-01-21
Cherry,Lietz,28830,CLietz,cherry@lietz.com,40 9th Ave Sw #91,48329,Waterford,248-980-6904,2019-03-14
Kattie,Vonasek,28844,KVonasek,kattie@vonasek.org,2845 Boulder Crescent St,44103,Cleveland,216-923-3715,2019-07-14
Lilli,Scriven,28858,LScriven,lilli@aol.com,33 State St,79601,Abilene,325-631-1560,2019-05-30
Whitley,Tomasulo,28872,WTomasulo,whitley.tomasulo@aol.com,2 S 15th St,76107,Fort Worth,817-526-4408,2018-05-24
Barbra,Adkin,28886,BAdkin,badkin@hotmail.com,4 Kohler Memorial Dr,11230,Brooklyn,718-201-3751,2018-06-06
Hermila,Thyberg,28900,HThyberg,hermila_thyberg@hotmail.com,1 Rancho Del Mar Shopping C,2903,Providence,401-893-4882,2019-05-19
Jesusita,Flister,28914,JFlister,jesusita.flister@hotmail.com,3943 N Highland Ave,17601,Lancaster,717-885-9118,2017-03-30
Caitlin,Julia,28928,CJulia,caitlin.julia@julia.org,5 Williams St,2919,Johnston,401-948-4982,2018-08-04
Roosevelt,Hoffis,28942,RHoffis,roosevelt.hoffis@aol.com,60 Old Dover Rd,33014,Hialeah,305-622-4739,2018-11-27
Helaine,Halter,28956,HHalter,hhalter@yahoo.com,8 Sheridan Rd,7304,Jersey City,201-832-4168,2020-04-18
Lorean,Martabano,28970,LMartabano,lorean.martabano@hotmail.com,85092 Southern Blvd,78204,San Antonio,210-856-4979,2019-05-08
France,Buzick,28984,FBuzick,france.buzick@yahoo.com,64 Newman Springs Rd E,11219,Brooklyn,718-478-8504,2020-07-12
Justine,Ferrario,28998,JFerrario,jferrario@hotmail.com,48 Stratford Ave,91768,Pomona,909-993-3242,2017-09-10
Adelina,Nabours,29012,ANabours,adelina_nabours@gmail.com,80 Pittsford Victor Rd #9,44103,Cleveland,216-230-4892,2020-10-07
Derick,Dhamer,29026,DDhamer,ddhamer@cox.net,87163 N Main Ave,10013,New York,212-304-4515,2018-01-19
Jerry,Dallen,29040,JDallen,jerry.dallen@yahoo.com,393 Lafayette Ave,23219,Richmond,804-762-9576,2019-04-24
Leota,Ragel,29054,LRagel,leota.ragel@gmail.com,99 5th Ave #33,30753,Trion,706-221-4243,2019-08-15
Jutta,Amyot,29068,JAmyot,jamyot@hotmail.com,49 N Mays St,70518,Broussard,337-515-1438,2017-07-22
Aja,Gehrett,29082,AGehrett,aja_gehrett@hotmail.com,993 Washington Ave,7110,Nutley,973-544-2677,2016-12-15
Kirk,Herritt,29096,KHerritt,kirk.herritt@aol.com,88 15th Ave Ne,13850,Vestal,607-407-3716,2017-02-20
Leonora,Mauson,29110,LMauson,leonora@yahoo.com,3381 E 40th Ave,7055,Passaic,973-412-2995,2016-11-08
Winfred,Brucato,29124,WBrucato,winfred_brucato@hotmail.com,201 Ridgewood Rd,83843,Moscow,208-252-4552,2020-06-27
Tarra,Nachor,29138,TNachor,tarra.nachor@cox.net,39 Moccasin Dr,94104,San Francisco,415-411-1775,2017-02-19
Corinne,Loder,29152,CLoder,corinne@loder.org,4 Carroll St,2760,North Attleboro,508-942-4186,2019-04-21
Dulce,Labreche,29166,DLabreche,dulce_labreche@yahoo.com,9581 E Arapahoe Rd,48307,Rochester,248-357-8718,2018-10-21
Kate,Keneipp,29180,KKeneipp,kate_keneipp@yahoo.com,33 N Michigan Ave,54301,Green Bay,920-353-6377,2020-07-24
Kaitlyn,Ogg,29194,KOgg,kaitlyn.ogg@gmail.com,2 S Biscayne Blvd,21230,Baltimore,410-665-4903,2020-07-17
Sherita,Saras,29208,SSaras,sherita.saras@cox.net,8 Us Highway 22,80937,Colorado Springs,719-669-1664,2019-09-17
Lashawnda,Stuer,29222,LStuer,lstuer@cox.net,7422 Martin Ave #8,43607,Toledo,419-588-8719,2017-12-24
Ernest,Syrop,29236,ESyrop,ernest@cox.net,94 Chase Rd,20785,Hyattsville,301-998-9644,2020-08-26
Nobuko,Halsey,29250,NHalsey,nobuko.halsey@yahoo.com,8139 I Hwy 10 #92,2745,New Bedford,508-855-9887,2018-09-15
Lavonna,Wolny,29264,LWolny,lavonna.wolny@hotmail.com,5 Cabot Rd,22102,Mc Lean,703-483-1970,2017-04-14
Lashaunda,Lizama,29278,LLizama,llizama@cox.net,3387 Ryan Dr,21076,Hanover,410-678-2473,2020-09-13
Mariann,Bilden,29292,MBilden,mariann.bilden@aol.com,3125 Packer Ave #9851,78753,Austin,512-223-4791,2020-01-03
Helene,Rodenberger,29306,HRodenberger,helene@aol.com,347 Chestnut St,85381,Peoria,623-461-8551,2017-11-04
Roselle,Estell,29320,REstell,roselle.estell@hotmail.com,8116 Mount Vernon Ave,44820,Bucyrus,419-571-5920,2019-10-04
Samira,Heintzman,29334,SHeintzman,sheintzman@hotmail.com,8772 Old County Rd #5410,98032,Kent,206-311-4137,2019-05-23
Margart,Meisel,29348,MMeisel,margart_meisel@yahoo.com,868 State St #38,45251,Cincinnati,513-617-2362,2019-03-31
Kristofer,Bennick,29362,KBennick,kristofer.bennick@yahoo.com,772 W River Dr,47404,Bloomington,812-368-1511,2018-03-07
Weldon,Acuff,29376,WAcuff,wacuff@gmail.com,73 W Barstow Ave,60004,Arlington Heights,847-353-2156,2019-08-24
Shalon,Shadrick,29390,SShadrick,shalon@cox.net,61047 Mayfield Ave,11223,Brooklyn,718-232-2337,2020-05-18
Denise,Patak,29404,DPatak,denise@patak.org,2139 Santa Rosa Ave,32801,Orlando,407-446-4358,2019-05-19
Louvenia,Beech,29418,LBeech,louvenia.beech@beech.com,598 43rd St,90210,Beverly Hills,310-820-2117,2020-08-02
Audry,Yaw,29432,AYaw,audry.yaw@yaw.org,70295 Pioneer Ct,33511,Brandon,813-797-4816,2017-12-02
Kristel,Ehmann,29446,KEhmann,kristel.ehmann@aol.com,92899 Kalakaua Ave,79925,El Paso,915-452-1290,2019-07-24
Vincenza,Zepp,29460,VZepp,vzepp@gmail.com,395 S 6th St #2,92020,El Cajon,619-603-5125,2019-04-19
Elouise,Gwalthney,29474,EGwalthney,egwalthney@yahoo.com,9506 Edgemore Ave,20710,Bladensburg,301-841-5012,2020-07-27
Venita,Maillard,29488,VMaillard,venita_maillard@gmail.com,72119 S Walker Ave #63,92801,Anaheim,714-523-6653,2017-12-26
Kasandra,Semidey,29502,KSemidey,kasandra_semidey@semidey.com,369 Latham St #500,63102,Saint Louis,314-732-9131,2019-08-06
Xochitl,Discipio,29516,XDiscipio,xdiscipio@gmail.com,3158 Runamuck Pl,78664,Round Rock,512-233-1831,2020-09-29
Maile,Linahan,29530,MLinahan,mlinahan@yahoo.com,9 Plainsboro Rd #598,27409,Greensboro,336-670-2640,2017-08-15
Krissy,Rauser,29544,KRauser,krauser@cox.net,8728 S Broad St,11727,Coram,631-443-4710,2018-06-02
Pete,Dubaldi,29558,PDubaldi,pdubaldi@hotmail.com,2215 Prosperity Dr,7071,Lyndhurst,201-825-2514,2020-06-05
Linn,Paa,29572,LPaa,linn_paa@paa.com,1 S Pine St,38112,Memphis,901-412-4381,2019-05-30
Paris,Wide,29586,PWide,paris@hotmail.com,187 Market St,30342,Atlanta,404-505-4445,2018-06-20
Wynell,Dorshorst,29600,WDorshorst,wynell_dorshorst@dorshorst.org,94290 S Buchanan St,94044,Pacifica,650-473-1262,2019-02-24
Quentin,Birkner,29614,QBirkner,qbirkner@aol.com,7061 N 2nd St,55337,Burnsville,952-702-7993,2017-03-27
Regenia,Kannady,29628,RKannady,regenia.kannady@cox.net,10759 Main St,85260,Scottsdale,480-726-1280,2018-07-16
Sheron,Louissant,29642,SLouissant,sheron@aol.com,97 E 3rd St #9,11101,Long Island City,718-976-8610,2020-06-09
Izetta,Funnell,29656,IFunnell,izetta.funnell@hotmail.com,82 Winsor St #54,30340,Atlanta,770-844-3447,2019-09-08
Rodolfo,Butzen,29670,RButzen,rodolfo@hotmail.com,41 Steel Ct,55057,Northfield,507-210-3510,2017-08-22
Zona,Colla,29684,ZColla,zona@hotmail.com,49440 Dearborn St,6854,Norwalk,203-461-1949,2020-06-25
Serina,Zagen,29698,SZagen,szagen@aol.com,7 S Beverly Dr,46802,Fort Wayne,260-273-3725,2019-04-30
Paz,Sahagun,29712,PSahagun,paz_sahagun@cox.net,919 Wall Blvd,39307,Meridian,601-927-8287,2018-09-23
Markus,Lukasik,29726,MLukasik,markus@yahoo.com,89 20th St E #779,48310,Sterling Heights,586-970-7380,2018-06-13
Jaclyn,Bachman,29740,JBachman,jaclyn@aol.com,721 Interstate 45 S,80919,Colorado Springs,719-853-3600,2016-10-24
Cyril,Daufeldt,29754,CDaufeldt,cyril_daufeldt@daufeldt.com,3 Lawton St,10013,New York,212-745-8484,2016-12-22
Gayla,Schnitzler,29768,GSchnitzler,gschnitzler@gmail.com,38 Pleasant Hill Rd,94545,Hayward,510-686-3407,2019-03-16
Erick,Nievas,29782,ENievas,erick_nievas@aol.com,45 E Acacia Ct,60624,Chicago,773-704-9903,2020-05-08
Jennie,Drymon,29796,JDrymon,jennie@cox.net,63728 Poway Rd #1,18509,Scranton,570-218-4831,2018-09-11
Mitsue,Scipione,29810,MScipione,mscipione@scipione.com,77 222 Dr,95965,Oroville,530-986-9272,2019-11-12
Ciara,Ventura,29824,CVentura,cventura@yahoo.com,53 W Carey St,12771,Port Jervis,845-823-8877,2018-10-27
Galen,Cantres,29838,GCantres,galen@yahoo.com,617 Nw 36th Ave,44142,Brook Park,216-600-6111,2018-10-28
Truman,Feichtner,29852,TFeichtner,tfeichtner@yahoo.com,539 Coldwater Canyon Ave,7003,Bloomfield,973-852-2736,2019-10-01
Gail,Kitty,29866,GKitty,gail@kitty.com,735 Crawford Dr,99501,Anchorage,907-435-9166,2019-02-23
Dalene,Schoeneck,29880,DSchoeneck,dalene@schoeneck.org,910 Rahway Ave,19102,Philadelphia,215-268-1275,2020-07-10
Gertude,Witten,29894,GWitten,gertude.witten@gmail.com,7 Tarrytown Rd,45217,Cincinnati,513-977-7043,2020-03-13
Lizbeth,Kohl,29908,LKohl,lizbeth@yahoo.com,35433 Blake St #588,90248,Gardena,310-699-1222,2019-01-12
Glenn,Berray,29922,GBerray,gberray@gmail.com,29 Cherry St #7073,50315,Des Moines,515-370-7348,2019-03-12
Lashandra,Klang,29936,LKlang,lashandra@yahoo.com,810 N La Brea Ave,19406,King of Prussia,610-809-1818,2019-11-10
Lenna,Newville,29950,LNewville,lnewville@newville.com,987 Main St,27601,Raleigh,919-623-2524,2020-04-29
Laurel,Pagliuca,29964,LPagliuca,laurel@yahoo.com,36 Enterprise St Se,99352,Richland,509-695-5199,2020-01-31
Mireya,Frerking,29978,MFrerking,mireya.frerking@hotmail.com,8429 Miller Rd,10803,Pelham,914-868-5965,2019-12-06
Annelle,Tagala,29992,ATagala,annelle@yahoo.com,5 W 7th St,21234,Parkville,410-757-1035,2017-08-10
Dean,Ketelsen,30006,DKetelsen,dean_ketelsen@gmail.com,2 Flynn Rd,11801,Hicksville,516-847-4418,2017-02-03
Levi,Munis,30020,LMunis,levi.munis@gmail.com,2094 Ne 36th Ave,1603,Worcester,508-456-4907,2018-07-23
Sylvie,Ryser,30034,SRyser,sylvie@aol.com,649 Tulane Ave,74105,Tulsa,918-644-9555,2019-02-26
Sharee,Maile,30048,SMaile,sharee_maile@aol.com,2094 Montour Blvd,49442,Muskegon,231-467-9978,2017-06-25
Cordelia,Storment,30062,CStorment,cordelia_storment@aol.com,393 Hammond Dr,70506,Lafayette,337-566-6001,2018-12-16
Mollie,Mcdoniel,30076,MMcdoniel,mollie_mcdoniel@yahoo.com,8590 Lake Lizzie Dr,43402,Bowling Green,419-975-3182,2019-01-12
Brett,Mccullan,30090,BMccullan,brett.mccullan@mccullan.com,87895 Concord Rd,91942,La Mesa,619-461-9984,2020-08-31
Teddy,Pedrozo,30104,TPedrozo,teddy_pedrozo@aol.com,46314 Route 130,6610,Bridgeport,203-892-3863,2017-11-21
Tasia,Andreason,30118,TAndreason,tasia_andreason@yahoo.com,4 Cowesett Ave,7032,Kearny,201-920-9002,2017-01-13
Hubert,Walthall,30132,HWalthall,hubert@walthall.org,95 Main Ave #2,44203,Barberton,330-903-1345,2016-11-28
Arthur,Farrow,30146,AFarrow,arthur.farrow@yahoo.com,28 S 7th St #2824,7631,Englewood,201-238-5688,2019-02-18
Vilma,Berlanga,30160,VBerlanga,vberlanga@berlanga.com,79 S Howell Ave,49546,Grand Rapids,616-737-3085,2018-08-09
Billye,Miro,30174,BMiro,billye_miro@cox.net,36 Lancaster Dr Se,39208,Pearl,601-567-5386,2018-11-20
Glenna,Slayton,30188,GSlayton,glenna_slayton@cox.net,2759 Livingston Ave,38118,Memphis,901-640-9178,2017-02-22
Mitzie,Hudnall,30202,MHudnall,mitzie_hudnall@yahoo.com,17 Jersey Ave,80110,Englewood,303-402-1940,2019-09-08
Bernardine,Rodefer,30216,BRodefer,bernardine_rodefer@yahoo.com,2 W Grand Ave,38112,Memphis,901-901-4726,2017-04-12
Staci,Schmaltz,30230,SSchmaltz,staci_schmaltz@aol.com,18 Coronado Ave #563,91106,Pasadena,626-866-2339,2017-10-06
Nichelle,Meteer,30244,NMeteer,nichelle_meteer@meteer.com,72 Beechwood Ter,60657,Chicago,773-225-9985,2018-10-24
Janine,Rhoden,30258,JRhoden,jrhoden@yahoo.com,92 Broadway,11103,Astoria,718-228-5894,2019-04-13
Ettie,Hoopengardner,30272,EHoopengardner,ettie.hoopengardner@hotmail.com,39 Franklin Ave,99352,Richland,509-755-5393,2020-01-26
Eden,Jayson,30286,EJayson,eden_jayson@yahoo.com,4 Iwaena St,21202,Baltimore,410-890-7866,2020-02-05
Lynelle,Auber,30300,LAuber,lynelle_auber@gmail.com,32820 Corkwood Rd,7104,Newark,973-860-8610,2019-04-01
Merissa,Tomblin,30314,MTomblin,merissa.tomblin@gmail.com,34 Raritan Center Pky,90706,Bellflower,562-579-6900,2020-09-27
Golda,Kaniecki,30328,GKaniecki,golda_kaniecki@yahoo.com,6201 S Nevada Ave,8755,Toms River,732-628-9909,2017-11-21
Catarina,Gleich,30342,CGleich,catarina_gleich@hotmail.com,78 Maryland Dr #146,7834,Denville,973-210-3994,2018-12-10
Virgie,Kiel,30356,VKiel,vkiel@hotmail.com,76598 Rd  I 95 #1,80216,Denver,303-776-7548,2019-02-25
Jolene,Ostolaza,30370,JOstolaza,jolene@yahoo.com,1610 14th St Nw,23608,Newport News,757-682-7116,2017-03-07
Keneth,Borgman,30384,KBorgman,keneth@yahoo.com,86350 Roszel Rd,85012,Phoenix,602-919-4211,2019-12-25
Rikki,Nayar,30398,RNayar,rikki@nayar.com,1644 Clove Rd,33155,Miami,305-968-9487,2017-01-31
Elke,Sengbusch,30412,ESengbusch,elke_sengbusch@yahoo.com,9 W Central Ave,85013,Phoenix,602-896-2993,2017-05-08
Hoa,Sarao,30426,HSarao,hoa@sarao.org,27846 Lafayette Ave,32759,Oak Hill,386-526-7800,2020-10-12
Trinidad,Mcrae,30440,TMcrae,trinidad_mcrae@yahoo.com,10276 Brooks St,94105,San Francisco,415-331-9634,2020-07-19
Mari,Lueckenbach,30454,MLueckenbach,mari_lueckenbach@yahoo.com,1 Century Park E,92110,San Diego,858-793-9684,2019-03-24
Selma,Husser,30468,SHusser,selma.husser@cox.net,9 State Highway 57 #22,7306,Jersey City,201-991-8369,2016-10-14
Antione,Onofrio,30482,AOnofrio,aonofrio@onofrio.com,4 S Washington Ave,92410,San Bernardino,909-430-7765,2019-03-17
Luisa,Jurney,30496,LJurney,ljurney@hotmail.com,25 Se 176th Pl,2138,Cambridge,617-365-2134,2020-06-07
Clorinda,Heimann,30510,CHeimann,clorinda.heimann@hotmail.com,105 Richmond Valley Rd,92025,Escondido,760-291-5497,2020-02-23
Dick,Wenzinger,30524,DWenzinger,dick@yahoo.com,22 Spruce St #595,90248,Gardena,310-510-9713,2017-06-08
Ahmed,Angalich,30538,AAngalich,ahmed.angalich@angalich.com,2 W Beverly Blvd,17110,Harrisburg,717-528-8996,2016-10-29
Iluminada,Ohms,30552,IOhms,iluminada.ohms@yahoo.com,72 Southern Blvd,85204,Mesa,480-293-2882,2020-01-30
Joanna,Leinenbach,30566,JLeinenbach,joanna_leinenbach@hotmail.com,1 Washington St,33461,Lake Worth,561-470-4574,2018-12-11
Caprice,Suell,30580,CSuell,caprice@aol.com,90177 N 55th Ave,37211,Nashville,615-246-1824,2020-05-09
Stephane,Myricks,30594,SMyricks,stephane_myricks@cox.net,9 Tower Ave,41005,Burlington,859-717-7638,2018-05-18
Quentin,Swayze,30608,QSwayze,quentin_swayze@yahoo.com,278 Bayview Ave,48160,Milan,734-561-6170,2019-05-23
Annmarie,Castros,30622,ACastros,annmarie_castros@gmail.com,80312 W 32nd St,77301,Conroe,936-751-7961,2019-01-29
Shonda,Greenbush,30636,SGreenbush,shonda_greenbush@cox.net,82 Us Highway 46,7011,Clifton,973-482-2430,2020-07-21
Cecil,Lapage,30650,CLapage,clapage@lapage.com,4 Stovall St #72,7087,Union City,201-693-3967,2018-05-23
Jeanice,Claucherty,30664,JClaucherty,jeanice.claucherty@yahoo.com,19 Amboy Ave,33142,Miami,305-988-4162,2019-04-19
Josphine,Villanueva,30678,JVillanueva,josphine_villanueva@villanueva.com,63 Smith Ln #8343,38575,Moss,931-553-9774,2019-10-20
Daniel,Perruzza,30692,DPerruzza,dperruzza@perruzza.com,11360 S Halsted St,92705,Santa Ana,714-771-3880,2018-11-05
Cassi,Wildfong,30706,CWildfong,cassi.wildfong@aol.com,26849 Jefferson Hwy,60008,Rolling Meadows,847-633-3216,2017-09-14
Britt,Galam,30720,BGalam,britt@galam.org,2500 Pringle Rd Se #508,19440,Hatfield,215-888-3304,2019-03-08
Adell,Lipkin,30734,ALipkin,adell.lipkin@lipkin.com,65 Mountain View Dr,7981,Whippany,973-654-1561,2018-03-20
Jacqueline,Rowling,30748,JRowling,jacqueline.rowling@yahoo.com,1 N San Saba,16501,Erie,814-865-8113,2019-03-27
Lonny,Weglarz,30762,LWeglarz,lonny_weglarz@gmail.com,51120 State Route 18,84115,Salt Lake City,801-293-9853,2019-04-24
Lonna,Diestel,30776,LDiestel,lonna_diestel@gmail.com,1482 College Ave,28301,Fayetteville,910-922-3672,2018-06-17
Cristal,Samara,30790,CSamara,cristal@cox.net,4119 Metropolitan Dr,90021,Los Angeles,213-975-8026,2016-11-10
Kenneth,Grenet,30804,KGrenet,kenneth.grenet@grenet.org,2167 Sierra Rd,48823,East Lansing,517-499-2322,2019-11-14
Elli,Mclaird,30818,EMclaird,emclaird@mclaird.com,6 Sunrise Ave,13501,Utica,315-818-2638,2017-10-03
Alline,Jeanty,30832,AJeanty,ajeanty@gmail.com,55713 Lake City Hwy,46601,South Bend,574-656-2800,2016-10-29
Sharika,Eanes,30846,SEanes,sharika.eanes@aol.com,75698 N Fiesta Blvd,32806,Orlando,407-312-1691,2020-05-08
Nu,Mcnease,30860,NMcnease,nu@gmail.com,88 Sw 28th Ter,7029,Harrison,973-751-9003,2019-06-12
Daniela,Comnick,30874,DComnick,dcomnick@cox.net,7 Flowers Rd #403,8611,Trenton,609-200-8577,2019-01-25
Cecilia,Colaizzo,30888,CColaizzo,cecilia_colaizzo@colaizzo.com,4 Nw 12th St #3849,53717,Madison,608-382-4541,2016-12-06
Leslie,Threets,30902,LThreets,leslie@cox.net,2 A Kelley Dr,10536,Katonah,914-861-9748,2020-04-09
Nan,Koppinger,30916,NKoppinger,nan@koppinger.com,88827 Frankford Ave,27401,Greensboro,336-370-5333,2019-06-22
Izetta,Dewar,30930,IDewar,idewar@dewar.com,2 W Scyene Rd #3,21217,Baltimore,410-473-1708,2016-10-20
Tegan,Arceo,30944,TArceo,tegan.arceo@arceo.org,62260 Park Stre,8831,Monroe Township,732-730-2692,2020-07-13
Ruthann,Keener,30958,RKeener,ruthann@hotmail.com,3424 29th St Se,78028,Kerrville,830-258-2769,2019-12-21
Joni,Breland,30972,JBreland,joni_breland@cox.net,35 E Main St #43,60007,Elk Grove Village,847-519-5906,2020-07-04
Vi,Rentfro,30986,VRentfro,vrentfro@cox.net,7163 W Clark Rd,7728,Freehold,732-605-4781,2018-03-13
Colette,Kardas,31000,CKardas,colette.kardas@yahoo.com,21575 S Apple Creek Rd,68124,Omaha,402-896-5943,2020-04-29
Malcolm,Tromblay,31014,MTromblay,malcolm_tromblay@cox.net,747 Leonis Blvd,22003,Annandale,703-221-5602,2018-06-22
Ryan,Harnos,31028,RHarnos,ryan@cox.net,13 Gunnison St,75075,Plano,972-558-1665,2019-03-08
Jess,Chaffins,31042,JChaffins,jess.chaffins@chaffins.org,18 3rd Ave,10016,New York,212-510-4633,2018-08-16
Sharen,Bourbon,31056,SBourbon,sbourbon@yahoo.com,62 W Austin St,11791,Syosset,516-816-1541,2019-03-11
Nickolas,Juvera,31070,NJuvera,nickolas_juvera@cox.net,177 S Rider Trl #52,34429,Crystal River,352-598-8301,2018-11-25
Gary,Nunlee,31084,GNunlee,gary_nunlee@nunlee.org,2 W Mount Royal Ave,46040,Fortville,317-542-6023,2017-10-27
Diane,Devreese,31098,DDevreese,diane@cox.net,1953 Telegraph Rd,64504,Saint Joseph,816-557-9673,2017-12-11
Roslyn,Chavous,31112,RChavous,roslyn.chavous@chavous.org,63517 Dupont St,39211,Jackson,601-234-9632,2019-12-12
Glory,Schieler,31126,GSchieler,glory@yahoo.com,5 E Truman Rd,79602,Abilene,325-869-2649,2018-07-31
Rasheeda,Sayaphon,31140,RSayaphon,rasheeda@aol.com,251 Park Ave #979,95070,Saratoga,408-805-4309,2017-07-23
Alpha,Palaia,31154,APalaia,alpha@yahoo.com,43496 Commercial Dr #29,8003,Cherry Hill,856-312-2629,2018-09-30
Refugia,Jacobos,31168,RJacobos,refugia.jacobos@jacobos.com,2184 Worth St,94545,Hayward,510-974-8671,2019-03-13
Shawnda,Yori,31182,SYori,shawnda.yori@yahoo.com,50126 N Plankinton Ave,32750,Longwood,407-538-5106,2020-02-12
Mona,Delasancha,31196,MDelasancha,mdelasancha@hotmail.com,38773 Gravois Ave,82001,Cheyenne,307-403-1488,2019-05-15
Gilma,Liukko,31210,GLiukko,gilma_liukko@gmail.com,16452 Greenwich St,11530,Garden City,516-393-9967,2016-11-26
Janey,Gabisi,31224,JGabisi,jgabisi@hotmail.com,40 Cambridge Ave,53715,Madison,608-967-7194,2019-06-04
Lili,Paskin,31238,LPaskin,lili.paskin@cox.net,20113 4th Ave E,7032,Kearny,201-431-2989,2019-02-11
Loren,Asar,31252,LAsar,loren.asar@aol.com,6 Ridgewood Center Dr,18518,Old Forge,570-648-3035,2018-10-31
Dorothy,Chesterfield,31266,DChesterfield,dorothy@cox.net,469 Outwater Ln,92126,San Diego,858-617-7834,2018-08-21
Gail,Similton,31280,GSimilton,gail_similton@similton.com,62 Monroe St,92276,Thousand Palms,760-616-5388,2018-06-09
Catalina,Tillotson,31294,CTillotson,catalina@hotmail.com,3338 A Lockport Pl #6,8402,Margate City,609-373-3332,2018-03-18
Lawrence,Lorens,31308,LLorens,lawrence.lorens@hotmail.com,9 Hwy,2906,Providence,401-465-6432,2018-07-01
Carlee,Boulter,31322,CBoulter,carlee.boulter@hotmail.com,8284 Hart St,67410,Abilene,785-347-1805,2017-12-06
Thaddeus,Ankeny,31336,TAnkeny,tankeny@ankeny.org,5 Washington St #1,95678,Roseville,916-920-3571,2017-07-14
Jovita,Oles,31350,JOles,joles@gmail.com,8 S Haven St,32114,Daytona Beach,386-248-4118,2017-06-01
Alesia,Hixenbaugh,31364,AHixenbaugh,alesia_hixenbaugh@hixenbaugh.org,9 Front St,20001,Washington,202-646-7516,2018-06-21
Lai,Harabedian,31378,LHarabedian,lai@gmail.com,1933 Packer Ave #2,94945,Novato,415-423-3294,2019-04-26
Brittni,Gillaspie,31392,BGillaspie,bgillaspie@gillaspie.com,67 Rv Cent,83709,Boise,208-709-1235,2019-03-31
Raylene,Kampa,31406,RKampa,rkampa@kampa.org,2 Sw Nyberg Rd,46514,Elkhart,574-499-1454,2018-05-10
Flo,Bookamer,31420,FBookamer,flo.bookamer@cox.net,89992 E 15th St,69301,Alliance,308-726-2182,2020-04-12
Jani,Biddy,31434,JBiddy,jbiddy@yahoo.com,61556 W 20th Ave,98104,Seattle,206-711-6498,2017-04-12
Chauncey,Motley,31448,CMotley,chauncey_motley@aol.com,63 E Aurora Dr,32804,Orlando,407-413-4842,2020-03-26